{"cameraMode":{"drawMode":0,"name":"Shaded","section":"Shading Mode"},"sceneLighting":false,"audioPlay":false,"sceneViewState":{"showFog":true,"showMaterialUpdate":false,"showSkybox":false,"showFlares":true,"showImageEffects":true,"showParticleSystems":true},"in2DMode":false,"pivot":{"x":6.695949077606201,"y":-9.6394624710083,"z":9.663360595703125},"rotation":{"x":-0.18645809590816499,"y":-0.17955134809017182,"z":0.03467947617173195,"w":-0.9653010964393616},"size":15.52510929107666,"orthographic":false}