{"cameraMode":{"drawMode":0,"name":"Shaded","section":"Shading Mode"},"sceneLighting":false,"audioPlay":false,"sceneViewState":{"showFog":true,"showMaterialUpdate":false,"showSkybox":false,"showFlares":true,"showImageEffects":true,"showParticleSystems":true},"in2DMode":false,"pivot":{"x":-7.84310245513916,"y":0.3342421352863312,"z":6.348759651184082},"rotation":{"x":-0.11682011932134628,"y":0.1680855005979538,"z":-0.020066970959305764,"w":-0.9786301851272583},"size":15.820029258728028,"orthographic":false}