{"cameraMode":{"drawMode":0,"name":"Shaded","section":"Shading Mode"},"sceneLighting":false,"audioPlay":false,"sceneViewState":{"showFog":true,"showMaterialUpdate":false,"showSkybox":false,"showFlares":true,"showImageEffects":true,"showParticleSystems":true},"in2DMode":false,"pivot":{"x":-7.306240558624268,"y":-16.020936965942384,"z":21.0240478515625},"rotation":{"x":-0.19482752680778504,"y":0.14563368260860444,"z":-0.02927299030125141,"w":-0.9695367217063904},"size":22.13670539855957,"orthographic":false}